City_ID,City,Country,Date,Lat,Lng,Max Temp,Humidity,Cloudiness,Wind Speed
0,Nemuro,JP,2022-01-02 08:42:52,43.3236,145.575,18.03,65,100,15.79
1,Jumla,NP,2022-01-02 08:46:38,29.2747,82.1838,50.0,38,50,4.94
2,Khatanga,RU,2022-01-02 08:46:38,71.9667,102.5,-55.46,99,85,3.18
3,Severo-Kurilsk,RU,2022-01-02 08:46:39,50.6789,156.125,27.66,90,100,11.52
4,Aklavik,CA,2022-01-02 08:46:40,68.2191,-135.0107,-21.28,89,100,21.61
5,Puerto Ayora,EC,2022-01-02 08:46:40,-0.7393,-90.3518,68.81,88,45,6.78
6,Prieska,ZA,2022-01-02 08:46:41,-29.6641,22.7474,81.09,19,58,1.25
7,Airai,TL,2022-01-02 08:46:42,-8.9266,125.4092,66.61,89,91,1.39
8,Ushuaia,AR,2022-01-02 08:44:04,-54.8,-68.3,40.66,81,75,28.77
9,Punta Arenas,CL,2022-01-02 08:46:43,-53.15,-70.9167,41.11,75,20,23.02
10,Lompoc,US,2022-01-02 08:46:44,34.6391,-120.4579,54.09,83,1,0.0
11,Hobart,AU,2022-01-02 08:46:44,-42.8794,147.3294,61.02,75,75,1.99
12,Port Alfred,ZA,2022-01-02 08:46:45,-33.5906,26.891,70.14,63,72,13.06
13,Saldanha,ZA,2022-01-02 08:46:46,-33.0117,17.9442,69.85,67,83,12.37
14,Castro,BR,2022-01-02 08:46:46,-24.7911,-50.0119,61.56,95,1,2.71
15,Cochrane,CA,2022-01-02 08:46:47,51.1834,-114.4687,31.69,54,1,17.27
16,Imeni Poliny Osipenko,RU,2022-01-02 08:46:48,52.4201,136.4853,-18.02,99,100,2.53
17,Chuy,UY,2022-01-02 08:46:48,-33.6971,-53.4616,70.57,91,100,6.62
18,Rikitea,PF,2022-01-02 08:46:49,-23.1203,-134.9692,77.22,73,7,8.3
19,Hilo,US,2022-01-02 08:46:50,19.7297,-155.09,73.13,92,90,0.0
20,Vung Tau,VN,2022-01-02 08:42:28,10.346,107.0843,80.4,73,66,18.5
21,Caravelas,BR,2022-01-02 08:46:51,-17.7125,-39.2481,74.64,91,99,5.03
22,Port Lincoln,AU,2022-01-02 08:45:44,-34.7333,135.8667,63.82,68,0,19.95
23,Butaritari,KI,2022-01-02 08:46:52,3.0707,172.7902,82.09,66,100,10.02
24,Souillac,MU,2022-01-02 08:46:53,-20.5167,57.5167,84.58,61,20,11.5
25,Biak,ID,2022-01-02 08:46:53,-0.9131,122.8766,79.07,84,100,1.7
26,Queanbeyan,AU,2022-01-02 08:46:54,-35.35,149.2333,82.18,55,96,2.8
27,Thaba-Tseka,LS,2022-01-02 08:46:55,-29.522,28.6084,71.29,30,15,18.3
28,Jamestown,US,2022-01-02 08:46:55,42.097,-79.2353,40.32,73,90,1.99
29,Vaini,TO,2022-01-02 08:46:56,-21.2,-175.2,77.16,94,75,9.22
30,Cidreira,BR,2022-01-02 08:46:56,-30.1811,-50.2056,72.19,94,12,13.87
31,Morristown,US,2022-01-02 08:46:57,36.214,-83.2949,60.75,76,90,6.91
32,Kaitangata,NZ,2022-01-02 08:46:58,-46.2817,169.8464,58.82,91,100,2.73
33,Naze,JP,2022-01-02 08:46:58,28.3667,129.4833,58.12,80,100,7.34
34,Hambantota,LK,2022-01-02 08:46:59,6.1241,81.1185,84.54,79,20,11.5
35,Broken Hill,AU,2022-01-02 08:47:00,-31.95,141.4333,98.31,12,40,14.97
36,Mahebourg,MU,2022-01-02 08:47:00,-20.4081,57.7,84.49,61,20,11.5
37,Zhuhai,CN,2022-01-02 08:47:01,22.2769,113.5678,72.91,64,0,3.44
38,Atuona,PF,2022-01-02 08:47:01,-9.8,-139.0333,78.28,76,6,18.39
39,Hermanus,ZA,2022-01-02 08:47:03,-34.4187,19.2345,73.9,59,1,6.93
40,Barrow,US,2022-01-02 08:47:03,71.2906,-156.7887,-20.18,69,1,3.44
41,Koshki,RU,2022-01-02 08:47:04,54.2091,50.4677,32.07,99,100,7.23
42,Atar,MR,2022-01-02 08:47:04,20.5169,-13.0499,66.29,20,0,9.86
43,Tambopata,PE,2022-01-02 08:47:05,-12.7333,-69.1833,74.53,96,91,2.71
44,Tiksi,RU,2022-01-02 08:47:06,71.6872,128.8694,-31.31,100,69,2.37
45,Malpe,IN,2022-01-02 08:47:06,13.35,74.7167,92.5,49,2,10.42
46,Sinnamary,GF,2022-01-02 08:47:07,5.3833,-52.95,76.14,82,24,12.1
47,Corn Island,NI,2022-01-02 08:48:07,12.1694,-83.0418,80.87,71,97,16.22
48,Marsh Harbour,BS,2022-01-02 08:48:08,26.5412,-77.0636,74.84,75,0,13.13
49,Watertown,US,2022-01-02 08:46:29,42.3709,-71.1828,52.34,95,90,3.0
50,Ahuimanu,US,2022-01-02 08:48:09,21.4447,-157.8378,69.51,87,20,0.0
51,Clyde River,CA,2022-01-02 08:48:10,70.4692,-68.5914,-12.77,77,100,3.44
52,Avarua,CK,2022-01-02 08:48:10,-21.2078,-159.775,78.85,83,40,8.05
53,Swan Hill,AU,2022-01-02 08:48:11,-35.3378,143.5544,86.23,30,53,9.64
54,Baruun-Urt,MN,2022-01-02 08:48:11,46.6806,113.2792,-2.2,88,11,4.25
55,Mataura,NZ,2022-01-02 08:48:12,-46.1927,168.8643,65.48,75,100,3.15
56,Cape Town,ZA,2022-01-02 08:47:09,-33.9258,18.4232,74.12,52,40,1.99
57,Iqaluit,CA,2022-01-02 08:48:13,63.7506,-68.5145,6.53,65,90,11.99
58,Husavik,IS,2022-01-02 08:48:14,66.0449,-17.3389,21.11,74,100,27.38
59,Asau,RO,2022-01-02 08:48:14,46.4333,26.4,42.96,73,100,2.55
60,Lebu,CL,2022-01-02 08:48:15,-37.6167,-73.65,59.47,97,100,16.35
61,Kodiak,US,2022-01-02 08:48:16,57.79,-152.4072,12.79,78,48,32.99
62,Bredasdorp,ZA,2022-01-02 08:48:17,-34.5322,20.0403,71.28,49,27,4.61
63,Kapaa,US,2022-01-02 08:48:17,22.0752,-159.319,75.18,86,90,3.0
64,Qaanaaq,GL,2022-01-02 08:48:18,77.484,-69.3632,-1.97,72,75,7.96
65,Praia,CV,2022-01-02 08:48:18,14.9215,-23.5087,73.94,56,0,17.27
66,Coihaique,CL,2022-01-02 08:44:05,-45.5752,-72.0662,42.75,87,90,3.44
67,Port Macquarie,AU,2022-01-02 08:48:19,-31.4333,152.9167,76.96,73,0,8.81
68,Port Augusta,AU,2022-01-02 08:48:20,-32.5,137.7667,94.71,58,7,21.59
69,Pakxan,LA,2022-01-02 08:48:21,18.3778,103.6601,84.15,36,8,6.2
70,Uray,RU,2022-01-02 08:48:22,60.1247,64.7758,14.27,96,99,4.59
71,Kresek,ID,2022-01-02 08:48:22,-6.1314,106.3797,86.11,59,80,15.73
72,Ribeira Grande,PT,2022-01-02 08:48:23,38.5167,-28.7,63.0,82,75,13.8
73,Auburn,US,2022-01-02 08:48:04,47.3073,-122.2284,37.92,86,90,1.01
74,Feijo,BR,2022-01-02 08:48:24,-8.1642,-70.3536,71.28,99,97,2.48
75,Yellowknife,CA,2022-01-02 08:48:02,62.456,-114.3525,-28.68,75,40,8.05
76,Dikson,RU,2022-01-02 08:48:25,73.5069,80.5464,-36.69,95,19,7.27
77,Georgetown,MY,2022-01-02 08:44:58,5.4112,100.3354,87.89,61,20,11.99
78,Khandbari,NP,2022-01-02 08:48:26,27.3747,87.2039,65.21,43,12,4.68
79,Primorsko-Akhtarsk,RU,2022-01-02 08:48:27,46.0497,38.1747,38.16,92,100,21.83
80,Arraial Do Cabo,BR,2022-01-02 08:47:51,-22.9661,-42.0278,73.36,100,75,8.05
81,Zlobin,HR,2022-01-02 08:48:28,45.2924,14.6541,49.42,88,90,3.44
82,Verkhnyaya Inta,RU,2022-01-02 08:48:28,65.9811,60.3094,9.57,90,100,8.25
83,Saint-Philippe,RE,2022-01-02 08:48:29,-21.3585,55.7679,83.21,72,64,8.01
84,Carnarvon,AU,2022-01-02 08:48:29,-24.8667,113.6333,82.47,65,0,20.71
85,Barra Do Pirai,BR,2022-01-02 08:48:30,-22.47,-43.8256,72.75,97,100,6.02
86,Tazovskiy,RU,2022-01-02 08:48:31,67.4667,78.7,-13.04,97,100,11.52
87,Shache,CN,2022-01-02 08:48:31,38.4167,77.2406,33.85,29,100,3.51
88,Amapa,BR,2022-01-02 08:48:32,1.0,-52.0,69.58,100,84,1.99
89,Torbay,CA,2022-01-02 08:48:32,47.6666,-52.7314,34.57,95,90,12.66
90,Puerto Del Rosario,ES,2022-01-02 08:48:33,28.5004,-13.8627,65.88,63,0,6.91
91,Teseney,ER,2022-01-02 08:48:34,15.11,36.6575,78.64,13,69,8.57
92,Okhotsk,RU,2022-01-02 08:48:34,59.3833,143.3,-11.45,76,100,13.15
93,Vardo,NO,2022-01-02 08:48:35,70.3705,31.1107,23.56,60,100,15.01
94,Khorixas,NA,2022-01-02 08:48:36,-20.3667,14.9667,87.62,11,10,3.85
95,East London,ZA,2022-01-02 08:49:36,-33.0153,27.9116,72.54,49,0,10.36
96,Puyang,CN,2022-01-02 08:49:37,29.4603,119.8861,49.46,48,3,4.56
97,Griffith,US,2022-01-02 08:49:38,41.5284,-87.4237,28.4,93,90,7.0
98,Komsomolskiy,UZ,2022-01-02 08:49:38,40.4272,71.7189,47.62,33,96,2.3
99,Chokurdakh,RU,2022-01-02 08:49:39,70.6333,147.9167,-25.65,98,100,6.87
100,Busselton,AU,2022-01-02 08:49:39,-33.65,115.3333,88.09,47,0,17.52
101,Beloha,MG,2022-01-02 08:49:40,-25.1667,45.05,91.4,33,4,9.84
102,Avera,US,2022-01-02 08:49:41,33.194,-82.5271,72.72,75,100,18.77
103,Los Llanos De Aridane,ES,2022-01-02 08:49:42,28.6585,-17.9182,65.12,30,0,8.99
104,Constitucion,CL,2022-01-02 08:45:56,-35.3333,-72.4167,54.52,88,10,1.9
105,Nagua,DO,2022-01-02 08:49:43,19.3832,-69.8474,67.44,78,18,4.63
106,Hithadhoo,MV,2022-01-02 08:49:43,-0.6,73.0833,82.38,73,36,8.95
107,Sao Filipe,CV,2022-01-02 08:49:44,14.8961,-24.4956,77.4,52,98,7.23
108,Mandal,IN,2022-01-02 08:49:45,25.45,74.5667,70.92,38,42,6.06
109,Khasan,RU,2022-01-02 08:49:45,42.4308,130.6434,19.65,43,0,15.37
110,Dwarka,IN,2022-01-02 08:49:46,22.2394,68.9678,77.36,50,0,11.74
111,Katsuura,JP,2022-01-02 08:49:47,35.1333,140.3,51.19,68,4,12.59
112,Kirakira,SB,2022-01-02 08:49:47,-10.4544,161.9205,81.52,84,99,5.86
113,New Norfolk,AU,2022-01-02 08:49:48,-42.7826,147.0587,60.66,62,82,1.99
114,Oda,JP,2022-01-02 08:49:49,35.1833,132.5,45.37,64,46,17.92
115,Portland,US,2022-01-02 08:37:01,45.5234,-122.6762,31.96,84,75,4.0
116,Svetlaya,RU,2022-01-02 08:49:50,46.5389,138.3297,7.83,64,5,14.38
117,Faanui,PF,2022-01-02 08:49:50,-16.4833,-151.75,81.59,76,90,14.47
118,Upernavik,GL,2022-01-02 08:49:51,72.7868,-56.1549,11.91,86,100,5.84
119,Mayahi,NE,2022-01-02 08:49:52,13.9553,7.6712,69.78,27,1,20.65
120,Pisco,PE,2022-01-02 08:49:52,-13.7,-76.2167,66.25,88,75,1.14
121,Tasiilaq,GL,2022-01-02 08:49:53,65.6145,-37.6368,10.56,59,12,6.67
122,Saint George,US,2022-01-02 08:49:47,37.1041,-113.5841,27.19,56,1,1.01
123,Aksu,CN,2022-01-02 08:49:54,41.1231,80.2644,33.06,35,97,3.06
124,Bethel,US,2022-01-02 08:49:55,41.3712,-73.414,52.52,92,90,0.0
125,High Rock,BS,2022-01-02 08:49:55,26.6208,-78.2833,76.73,70,35,14.92
126,Jalu,LY,2022-01-02 08:49:56,29.0331,21.5482,61.43,69,19,10.45
127,Aliwal North,ZA,2022-01-02 08:49:57,-30.6937,26.7114,79.92,17,89,9.46
128,Touros,BR,2022-01-02 08:49:57,-5.1989,-35.4608,77.9,76,52,12.26
129,San Patricio,US,2022-01-02 08:49:58,28.017,-97.5169,64.49,44,33,25.7
130,Troy,US,2022-01-02 08:49:59,42.6056,-83.1499,26.56,91,90,3.0
131,Hauterive,FR,2022-01-02 08:50:00,46.0901,3.4459,53.1,53,100,5.1
132,Tuktoyaktuk,CA,2022-01-02 08:50:00,69.4541,-133.0374,-15.14,96,100,12.33
133,Catalao,BR,2022-01-02 08:50:01,-18.1658,-47.9464,65.03,96,75,5.68
134,Coquimbo,CL,2022-01-02 08:50:02,-29.9533,-71.3436,58.73,100,40,1.14
135,Aras,ES,2022-01-02 08:50:03,42.5617,-2.356,50.32,100,90,4.61
136,Albany,US,2022-01-02 08:45:41,42.6001,-73.9662,49.8,94,100,5.88
137,Vila Velha,BR,2022-01-02 08:45:47,-20.3297,-40.2925,76.95,90,20,3.0
138,Jasper,US,2022-01-02 08:45:44,37.2001,-94.3502,13.82,81,90,4.0
139,Charleville-Mezieres,FR,2022-01-02 08:50:05,49.7667,4.7167,51.48,81,100,9.28
140,Grand Gaube,MU,2022-01-02 08:51:06,-20.0064,57.6608,84.6,62,67,8.01
141,Winneba,GH,2022-01-02 08:51:06,5.3511,-0.6231,82.87,68,51,2.86
142,College,US,2022-01-02 08:46:56,64.8569,-147.8028,-16.28,60,40,11.5
143,Panguna,PG,2022-01-02 08:51:07,-6.3164,155.4848,70.14,91,97,1.72
144,Hailar,CN,2022-01-02 08:51:08,49.2,119.7,-9.49,95,15,7.9
145,Bairiki,KI,2022-01-02 08:51:08,1.3292,172.9752,82.4,83,75,9.22
146,Grand Island,US,2022-01-02 08:51:09,40.925,-98.342,-2.79,74,1,6.91
147,Victoria,HK,2022-01-02 08:47:38,22.2855,114.1577,71.26,72,1,7.0
148,Kutum,SD,2022-01-02 08:51:10,14.2,24.6667,63.37,22,8,14.61
149,Raga,SS,2022-01-02 08:51:11,8.4596,25.678,85.21,14,54,8.77
150,Vestmanna,FO,2022-01-02 08:51:12,62.1564,-7.1664,34.72,87,75,34.52
151,Naldurg,IN,2022-01-02 08:51:12,17.8167,76.3,82.29,38,21,5.73
152,Tiznit,MA,2022-01-02 08:51:13,29.5833,-9.5,61.83,36,0,6.02
153,Nikolskoye,RU,2022-01-02 08:51:14,59.7035,30.7861,18.81,93,76,3.04
154,Saskylakh,RU,2022-01-02 08:51:14,71.9167,114.0833,-31.02,99,100,0.34
155,Livingston,GB,2022-01-02 08:51:15,55.9029,-3.5226,47.68,82,0,19.57
156,Lundazi,ZM,2022-01-02 08:51:15,-12.2929,33.1782,79.29,53,100,3.83
157,Sept-Iles,CA,2022-01-02 08:48:33,50.2001,-66.3821,18.12,80,75,10.36
158,Salalah,OM,2022-01-02 08:51:16,17.0151,54.0924,78.49,63,89,12.75
159,Thompson,CA,2022-01-02 08:51:17,55.7435,-97.8558,-29.04,75,1,2.3
160,Ayr,GB,2022-01-02 08:49:54,55.4627,-4.6339,49.5,81,40,11.5
161,Bambous Virieux,MU,2022-01-02 08:51:18,-20.3428,57.7575,84.45,61,20,11.5
162,Ponta Do Sol,PT,2022-01-02 08:51:19,32.6667,-17.1,63.23,50,82,5.01
163,Norman Wells,CA,2022-01-02 08:51:19,65.282,-126.8329,-30.96,61,75,8.05
164,San Lazaro,BZ,2022-01-02 08:51:20,18.0387,-88.6622,72.23,96,71,4.18
165,Makokou,GA,2022-01-02 08:51:21,0.5738,12.8642,80.69,74,93,1.66
166,Mayo,US,2022-01-02 08:51:22,38.8876,-76.5119,59.95,96,100,1.16
167,Cherskiy,RU,2022-01-02 08:51:22,68.75,161.3,14.0,83,93,10.96
168,Sioux Lookout,CA,2022-01-02 08:51:23,50.1001,-91.917,-20.13,76,75,4.61
169,Codrington,AU,2022-01-02 08:51:23,-38.2667,141.9667,61.86,66,22,14.52
170,Khash,IR,2022-01-02 08:51:24,28.2211,61.2158,59.18,54,99,11.9
171,Bluff,NZ,2022-01-02 08:51:25,-46.6,168.3333,64.8,77,100,5.66
172,Taltal,CL,2022-01-02 08:50:20,-25.4,-70.4833,64.72,86,91,1.01
173,Grindavik,IS,2022-01-02 08:51:26,63.8424,-22.4338,25.27,54,40,32.21
174,Pitimbu,BR,2022-01-02 08:51:26,-7.4706,-34.8086,77.59,78,100,10.42
175,Bucerias,MX,2022-01-02 08:48:43,20.75,-105.3333,68.99,89,9,5.64
176,Darasun,RU,2022-01-02 08:51:27,51.6667,114.0,-7.06,93,100,1.16
177,Asfi,MA,2022-01-02 08:51:28,32.2994,-9.2372,63.73,44,23,10.16
178,Deputatskiy,RU,2022-01-02 08:51:28,69.3,139.9,-45.0,98,38,4.29
179,Kondopoga,RU,2022-01-02 08:51:29,62.2057,34.2614,11.88,94,35,6.6
180,Richards Bay,ZA,2022-01-02 08:51:30,-28.783,32.0377,69.89,94,100,12.73
181,Kamenka,RU,2022-01-02 08:51:30,51.3223,42.7678,26.74,94,99,14.36
182,Ouesso,CG,2022-01-02 08:51:31,1.6136,16.0517,95.61,33,93,0.09
183,Sola,VU,2022-01-02 08:51:32,-13.8833,167.55,83.03,80,100,16.98
184,North Vernon,US,2022-01-02 08:48:39,39.0062,-85.6236,46.49,93,100,10.58
185,La Ciotat,FR,2022-01-02 08:51:33,43.1748,5.6045,52.81,92,32,1.7
186,Nueva Concepcion,GT,2022-01-02 08:51:33,14.2,-91.3,75.45,84,39,4.85
187,El Alto,PE,2022-01-02 08:52:34,-4.2714,-81.2147,67.86,81,60,10.67
188,Marienburg,PL,2022-01-02 08:52:35,54.0359,19.0266,48.11,90,100,16.13
189,Narsaq,GL,2022-01-02 08:52:36,60.9167,-46.05,18.88,88,100,6.38
190,Zarand,IR,2022-01-02 08:52:36,30.8127,56.564,49.26,60,100,9.62
191,Garmsar,IR,2022-01-02 08:52:37,35.2182,52.3409,54.28,45,100,11.86
192,Kapustin Yar,RU,2022-01-02 08:52:37,48.5831,45.7372,32.81,90,100,11.65
193,Awjilah,LY,2022-01-02 08:52:38,29.1081,21.2869,61.81,68,24,10.98
194,Saint-Joseph,RE,2022-01-02 08:47:25,-21.3667,55.6167,82.2,71,52,3.29
195,Cabo San Lucas,MX,2022-01-02 08:48:40,22.8909,-109.9124,67.51,80,2,3.58
196,Pevek,RU,2022-01-02 08:52:40,69.7008,170.3133,18.91,79,100,25.21
197,Quatre Cocos,MU,2022-01-02 08:52:40,-20.2078,57.7625,84.31,60,83,10.65
198,Ozernovskiy,RU,2022-01-02 08:52:41,51.5,156.5167,26.69,90,97,5.28
199,Tautira,PF,2022-01-02 08:52:42,-17.7333,-149.15,77.02,80,100,15.05
200,Ilulissat,GL,2022-01-02 08:52:42,69.2167,-51.1,-3.08,75,99,6.15
201,Zhigansk,RU,2022-01-02 08:52:43,66.7697,123.3711,-46.16,99,82,6.73
202,Floro,NO,2022-01-02 08:52:45,61.5996,5.0328,46.96,87,75,25.32
203,Kruisfontein,ZA,2022-01-02 08:52:45,-34.0033,24.7314,73.89,47,68,11.59
204,Ancud,CL,2022-01-02 08:52:46,-41.8697,-73.8203,52.23,70,100,16.2
205,Luderitz,NA,2022-01-02 08:52:46,-26.6481,15.1594,80.89,41,0,18.43
206,Nazas,MX,2022-01-02 08:52:47,25.2333,-104.1333,53.87,30,0,4.79
207,Baghdad,IQ,2022-01-02 08:49:36,33.3406,44.4009,53.51,58,100,10.36
208,Le Port,RE,2022-01-02 08:52:48,-20.9373,55.2919,83.61,75,58,2.66
209,Teahupoo,PF,2022-01-02 08:52:49,-17.8333,-149.2667,71.56,81,100,15.7
210,Mar Del Plata,AR,2022-01-02 08:52:50,-38.0023,-57.5575,69.1,87,0,3.0
211,Mecca,SA,2022-01-02 08:48:30,21.4267,39.8261,73.65,40,19,12.33
212,Pemba,MZ,2022-01-02 08:52:51,-12.974,40.5178,90.3,62,40,8.99
213,Carutapera,BR,2022-01-02 08:52:51,-1.195,-46.02,75.09,92,93,5.1
214,Chongwe,ZM,2022-01-02 08:52:52,-15.3292,28.682,83.71,44,76,5.93
215,Margate,GB,2022-01-02 08:52:53,51.3813,1.3862,54.1,83,98,5.99
216,Kununurra,AU,2022-01-02 08:52:53,-15.7667,128.7333,102.18,32,100,3.44
217,Kupang,ID,2022-01-02 08:52:54,-10.1667,123.5833,82.98,78,40,4.61
218,Konya,TR,2022-01-02 08:52:54,38.1667,32.5,40.3,82,98,14.99
219,Port Elizabeth,ZA,2022-01-02 08:52:55,-33.918,25.5701,76.1,46,0,14.97
220,Tura,IN,2022-01-02 08:52:56,25.5198,90.2201,74.79,35,0,4.68
221,Takoradi,GH,2022-01-02 08:52:56,4.8845,-1.7554,83.55,68,9,3.13
222,Yulara,AU,2022-01-02 08:52:57,-25.2406,130.9889,103.84,9,49,9.22
223,Nuziders,AT,2022-01-02 08:52:57,47.1667,9.8,50.61,62,100,6.85
224,Pangkalanbuun,ID,2022-01-02 08:52:58,-2.6833,111.6167,79.75,84,100,5.03
225,Paamiut,GL,2022-01-02 08:52:59,61.994,-49.6678,17.55,72,100,10.92
226,Kieta,PG,2022-01-02 08:52:59,-6.2167,155.6333,81.25,78,86,1.07
227,Praia Da Vitoria,PT,2022-01-02 08:53:00,38.7333,-27.0667,61.75,94,40,14.54
228,Batemans Bay,AU,2022-01-02 08:53:01,-35.7167,150.1833,75.9,78,35,9.71
229,Charters Towers,AU,2022-01-02 08:53:02,-20.1,146.2667,87.15,51,62,7.56
230,Lahaina,US,2022-01-02 08:54:03,20.8783,-156.6825,76.8,85,99,3.02
231,Ahipara,NZ,2022-01-02 08:54:03,-35.1667,173.1667,66.47,80,89,9.04
232,San Cristobal,VE,2022-01-02 08:54:04,7.7669,-72.225,61.48,90,91,2.01
233,Kaeo,NZ,2022-01-02 08:50:10,-35.1,173.7833,69.33,84,36,10.25
234,Handan,CN,2022-01-02 08:54:05,36.6006,114.4678,37.9,28,69,5.46
235,Provideniya,RU,2022-01-02 08:54:05,64.3833,-173.3,7.29,97,100,4.07
236,Muravlenko,RU,2022-01-02 08:54:06,63.7898,74.523,12.56,96,100,6.22
237,Vestmannaeyjar,IS,2022-01-02 08:54:07,63.4427,-20.2734,26.89,53,37,22.77
238,Mercedes,AR,2022-01-02 08:54:08,-34.6515,-59.4307,65.17,90,4,5.66
239,Puerto Madero,MX,2022-01-02 08:54:08,14.7208,-92.4215,75.49,80,13,8.08
240,Mount Gambier,AU,2022-01-02 08:54:09,-37.8333,140.7667,67.91,52,0,16.11
241,Pringsewu,ID,2022-01-02 08:54:10,-5.3582,104.9744,83.7,69,77,7.76
242,Vanavara,RU,2022-01-02 08:54:11,60.34,102.2797,-21.95,99,80,3.24
243,Hirara,JP,2022-01-02 08:54:11,24.8,125.2833,67.86,88,75,18.41
244,Vila Franca Do Campo,PT,2022-01-02 08:54:12,37.7167,-25.4333,64.2,90,94,7.99
245,Mollendo,PE,2022-01-02 08:54:13,-17.0231,-72.0147,67.8,86,100,3.74
246,Tuatapere,NZ,2022-01-02 08:50:11,-46.1333,167.6833,64.81,85,100,2.8
247,La Orilla,MX,2022-01-02 08:54:14,17.9833,-102.2333,69.22,89,0,4.79
248,Canutama,BR,2022-01-02 08:54:14,-6.5339,-64.3831,73.31,99,100,2.57
249,Assiniboia,CA,2022-01-02 08:54:15,49.6334,-105.9845,4.82,66,68,11.5
250,Dukat,RU,2022-01-02 08:54:15,62.55,155.55,-16.67,99,100,5.39
251,Pyaozerskiy,RU,2022-01-02 08:54:16,65.8333,31.1667,1.27,99,87,4.18
252,Abu Samrah,SY,2022-01-02 08:54:17,35.3029,37.1841,50.85,60,67,2.68
253,Pacific Grove,US,2022-01-02 08:54:17,36.6177,-121.9166,47.61,58,7,6.55
254,Ishigaki,JP,2022-01-02 08:54:18,24.3448,124.1572,66.33,88,75,14.97
255,Nyagan,RU,2022-01-02 08:54:18,62.1406,65.3936,11.16,97,99,2.26
256,Tatawin,TN,2022-01-02 08:54:19,32.9297,10.4518,54.48,48,0,1.41
257,San Quintin,MX,2022-01-02 08:54:20,30.4833,-115.95,48.43,64,0,3.58
258,Nuuk,GL,2022-01-02 08:54:20,64.1835,-51.7216,11.86,81,100,7.65
259,Port Moresby,PG,2022-01-02 08:54:21,-9.4431,147.1797,85.42,66,20,14.97
260,Roros,NO,2022-01-02 08:54:21,62.5747,11.3842,22.84,86,75,3.44
261,Yairipok,IN,2022-01-02 08:54:22,24.6667,94.0667,71.91,42,0,2.04
262,Vallenar,CL,2022-01-02 08:54:23,-28.5708,-70.7581,64.96,74,0,3.27
263,Hays,US,2022-01-02 08:54:23,30.0502,-98.0336,35.76,72,29,8.01
264,Saint-Ambroise,CA,2022-01-02 08:54:24,48.5501,-71.3324,1.94,71,100,11.5
265,Aguadilla,PR,2022-01-02 08:54:25,18.4275,-67.1541,71.65,84,1,12.37
266,Nantucket,US,2022-01-02 08:54:25,41.2835,-70.0995,53.96,94,90,12.66
267,Bilma,NE,2022-01-02 08:54:26,18.6853,12.9164,62.06,40,80,7.74
268,Kavieng,PG,2022-01-02 08:54:26,-2.5744,150.7967,82.29,78,82,5.64
269,Sitka,US,2022-01-02 08:54:27,57.0531,-135.33,35.01,91,99,4.41
270,Najran,SA,2022-01-02 08:54:28,17.4924,44.1277,72.25,30,99,17.2
271,Geraldton,AU,2022-01-02 08:54:28,-28.7667,114.6,81.01,57,0,17.27
272,Ambunti,PG,2022-01-02 08:54:29,-4.2365,142.8448,77.83,94,100,1.34
273,Wainwright,CA,2022-01-02 08:51:15,52.839,-110.8572,6.71,90,87,5.32
274,Maragogi,BR,2022-01-02 08:54:30,-9.0122,-35.2225,78.4,75,90,6.78
275,Safford,US,2022-01-02 08:54:30,32.834,-109.7076,33.12,45,0,4.14
276,Karratha,AU,2022-01-02 08:54:31,-20.7377,116.8463,85.73,59,0,17.13
277,Toppenish,US,2022-01-02 08:55:32,46.3774,-120.3087,15.82,86,100,1.43
278,Buraydah,SA,2022-01-02 08:55:32,26.326,43.975,59.45,34,0,19.86
279,Haines Junction,CA,2022-01-02 08:55:33,60.7522,-137.5108,-11.25,58,100,14.97
280,Klaksvik,FO,2022-01-02 08:55:33,62.2266,-6.589,34.72,94,100,30.0
281,Khani,GE,2022-01-02 08:55:34,41.9563,42.9566,33.37,93,100,1.39
282,Mashhad,IR,2022-01-02 08:55:35,36.297,59.6062,51.94,58,75,6.91
283,Toamasina,MG,2022-01-02 08:55:35,-18.1667,49.3833,86.0,74,40,8.05
284,Grand-Santi,GF,2022-01-02 08:55:36,4.25,-54.3833,68.9,100,41,1.9
285,Roma,US,2022-01-02 08:52:50,43.2128,-75.4557,39.43,94,90,9.22
286,Kailua,US,2022-01-02 08:52:10,21.4022,-157.7394,69.78,82,100,10.31
287,Roald,NO,2022-01-02 08:55:38,62.5833,6.1333,48.34,71,75,17.27
288,Salym,RU,2022-01-02 08:55:38,60.0625,71.4789,11.26,96,98,5.99
289,Campbell River,CA,2022-01-02 08:55:40,50.0163,-125.2446,38.73,97,100,1.01
290,Qasigiannguit,GL,2022-01-02 08:55:40,68.8193,-51.1922,-3.82,75,100,5.75
291,Tahe,CN,2022-01-02 08:55:41,52.3333,124.7333,-4.49,82,100,10.11
292,Sidi Ali,DZ,2022-01-02 08:55:42,36.0998,0.4206,58.69,51,10,1.52
293,Sibu,MY,2022-01-02 08:55:42,2.3,111.8167,88.11,66,40,3.0
294,Drayton Valley,CA,2022-01-02 08:55:43,53.2168,-114.9854,16.21,83,99,6.42
295,Bontang,ID,2022-01-02 08:55:43,0.1333,117.5,81.99,79,100,5.86
296,Atambua,ID,2022-01-02 08:55:44,-9.1061,124.8925,79.65,80,62,1.97
297,Leo,BF,2022-01-02 08:55:45,11.1,-2.1,80.1,13,85,12.8
298,Mehamn,NO,2022-01-02 08:55:45,71.0357,27.8492,19.17,75,89,9.33
299,Yokadouma,CM,2022-01-02 08:55:46,3.5167,15.05,90.72,20,77,4.52
300,Longyearbyen,SJ,2022-01-02 08:55:47,78.2186,15.6401,12.04,62,0,25.32
301,Tamala,RU,2022-01-02 08:55:47,52.541,43.2515,21.42,92,100,15.37
302,Bhinmal,IN,2022-01-02 08:55:48,25.0,72.25,78.12,32,2,6.15
303,Ixtapa,MX,2022-01-02 08:55:48,20.7,-105.2,68.23,88,2,3.51
304,Ostersund,SE,2022-01-02 08:55:49,63.1792,14.6357,24.62,93,20,11.5
305,Malakal,SS,2022-01-02 08:55:50,9.5334,31.6605,86.27,13,92,12.97
306,Camacha,PT,2022-01-02 08:55:50,33.0833,-16.3333,59.76,100,20,2.3
307,La Palma,US,2022-01-02 08:55:51,33.8464,-118.0467,53.83,33,1,4.61
308,Lerwick,GB,2022-01-02 08:55:51,60.1545,-1.1494,48.2,84,95,27.85
309,Talnakh,RU,2022-01-02 08:55:52,69.4865,88.3972,-37.01,97,29,4.18
310,Evensk,RU,2022-01-02 08:55:53,61.95,159.2333,30.47,80,99,16.96
311,Cockburn Town,TC,2022-01-02 08:55:53,21.4612,-71.1419,77.81,65,19,18.57
312,Atocha,BO,2022-01-02 08:55:54,-20.9333,-66.2333,50.31,53,0,4.41
313,Hokitika,NZ,2022-01-02 08:55:54,-42.7167,170.9667,63.55,82,100,4.21
314,Laguna,US,2022-01-02 08:55:55,38.421,-121.4238,42.62,92,1,5.75
315,Madridejos,ES,2022-01-02 08:55:56,39.4682,-3.532,50.86,55,100,1.99
316,Esperance,AU,2022-01-02 08:55:56,-33.8667,121.9,75.04,64,9,17.78
317,Isilkul,RU,2022-01-02 08:55:57,54.9109,71.2728,13.59,92,100,7.16
318,Houma,US,2022-01-02 08:55:57,29.5958,-90.7195,75.99,92,29,5.01
319,Nanortalik,GL,2022-01-02 08:55:58,60.1432,-45.2371,25.75,86,100,5.48
320,Zhenhai,CN,2022-01-02 08:55:59,24.2582,118.0905,63.28,76,0,20.87
321,Russell,US,2022-01-02 08:55:59,32.3502,-85.1999,73.11,84,90,3.44
322,Fort Saint James,CA,2022-01-02 08:56:00,54.4333,-124.25,14.58,97,100,2.42
323,Sao Gabriel Da Cachoeira,BR,2022-01-02 08:53:15,-0.1303,-67.0892,72.55,99,99,1.19
324,Tolosa,FR,2022-01-02 08:53:37,43.6043,1.4437,48.52,100,75,6.91
325,Aripuana,BR,2022-01-02 08:57:02,-9.1667,-60.6333,70.43,100,71,1.63
326,Saint Austell,GB,2022-01-02 08:57:03,50.3383,-4.7658,53.02,87,40,13.8
327,Port Hedland,AU,2022-01-02 08:57:03,-20.3167,118.5667,89.65,62,0,17.27
328,Mount Isa,AU,2022-01-02 08:57:04,-20.7333,139.5,107.37,14,87,9.22
329,Konosha,RU,2022-01-02 08:57:04,60.9736,40.257,14.76,91,100,10.18
330,Ushumun,RU,2022-01-02 08:57:05,52.7833,126.5333,-5.89,97,100,7.14
331,Vrangel,RU,2022-01-02 08:57:06,42.7297,133.0839,16.92,46,0,17.72
332,Taketa,JP,2022-01-02 08:57:07,32.9652,131.3785,46.98,83,7,5.73
333,Anapskaya,RU,2022-01-02 08:57:07,44.89,37.38,39.43,93,90,13.42
334,Abadan,IR,2022-01-02 08:55:33,30.3392,48.3043,53.55,100,90,11.5
335,Ketchikan,US,2022-01-02 08:57:08,55.3422,-131.6461,37.38,93,90,8.05
336,Palauig,PH,2022-01-02 08:57:09,15.435,119.9045,80.55,61,53,4.12
337,Vostok,RU,2022-01-02 08:57:10,46.4856,135.8833,-6.63,96,100,8.43
338,Puerto Escondido,MX,2022-01-02 08:57:10,15.85,-97.0667,74.26,71,0,5.32
339,Alanya,TR,2022-01-02 08:57:11,36.5438,31.9998,61.72,56,16,1.59
340,Conde,BR,2022-01-02 08:57:11,-7.2597,-34.9075,76.46,88,20,0.0
341,Ontario,US,2022-01-02 08:57:12,34.0633,-117.6509,50.45,59,1,4.61
342,Hovd,MN,2022-01-02 08:57:13,48.0056,91.6419,2.61,85,2,1.32
343,Rey Bouba,CM,2022-01-02 08:57:13,8.6724,14.1786,83.21,14,54,5.1
344,Visnes,NO,2022-01-02 08:57:14,59.3556,5.2242,46.29,100,90,11.5
345,Waipawa,NZ,2022-01-02 08:57:15,-41.4122,175.5153,68.63,79,100,5.99
346,Muros,ES,2022-01-02 08:57:15,42.7762,-9.0603,59.85,90,77,10.51
347,Wasilla,US,2022-01-02 08:57:16,61.5814,-149.4394,6.89,86,83,0.72
348,Dunedin,NZ,2022-01-02 08:54:52,-45.8742,170.5036,62.22,85,100,8.23
349,Cedar City,US,2022-01-02 08:57:17,37.6775,-113.0619,5.4,71,4,3.87
350,Port-Gentil,GA,2022-01-02 08:57:18,-0.7193,8.7815,80.56,89,75,8.05
351,Mopti,ML,2022-01-02 08:57:18,14.6667,-4.0,75.97,14,93,10.87
352,Leningradskiy,RU,2022-01-02 08:57:19,69.3833,178.4167,5.4,90,100,11.03
353,Henties Bay,NA,2022-01-02 08:57:20,-22.116,14.2845,67.73,72,64,8.9
354,Manali,IN,2022-01-02 08:57:20,13.1667,80.2667,86.09,75,95,14.32
355,Praya,CV,2022-01-02 08:57:21,14.9215,-23.5087,73.94,56,0,17.27
356,Scarborough,GB,2022-01-02 08:57:21,54.2797,-0.4044,49.08,91,68,4.0
357,Verkhnyaya Toyma,RU,2022-01-02 08:57:22,62.2349,44.9985,17.65,94,100,7.23
358,Fagersta,SE,2022-01-02 08:57:23,60.0042,15.7932,32.68,99,100,5.23
359,Arroyos Y Esteros,PY,2022-01-02 08:57:24,-25.0667,-57.1,85.75,51,14,4.74
360,Verkhovazhye,RU,2022-01-02 08:57:24,60.7472,42.0465,16.99,90,98,10.04
361,Bengkulu,ID,2022-01-02 08:57:25,-3.8004,102.2655,80.92,79,100,5.93
362,Mogadishu,SO,2022-01-02 08:57:25,2.0371,45.3438,84.07,70,1,19.57
363,Tukrah,LY,2022-01-02 08:57:26,32.5341,20.5791,63.34,71,6,14.03
364,Valentin Gomez Farias,MX,2022-01-02 08:57:27,28.2167,-106.5833,40.53,41,0,3.85
365,Skopelos,GR,2022-01-02 08:57:27,39.1247,23.7247,57.22,71,62,4.74
366,Krasnoselkup,RU,2022-01-02 08:57:28,65.7,82.4667,-1.93,97,100,11.56
367,Tanete,ID,2022-01-02 08:57:28,-3.9443,119.7848,83.34,73,82,6.67
368,Barrhead,GB,2022-01-02 08:57:29,55.7992,-4.3929,49.05,87,75,5.01
369,Jacareacanga,BR,2022-01-02 08:58:30,-6.2222,-57.7528,71.53,100,100,1.74
370,Huarmey,PE,2022-01-02 08:58:30,-10.0681,-78.1522,68.5,87,76,5.55
371,Luan,CH,2022-01-02 08:58:31,46.3592,6.9759,43.38,71,83,4.85
372,Borova,UA,2022-01-02 08:58:31,50.1763,30.1043,28.54,66,31,9.33
373,Port Blair,IN,2022-01-02 08:58:32,11.6667,92.75,82.63,65,96,14.45
374,Fairbanks,US,2022-01-02 08:56:00,64.8378,-147.7164,-16.26,68,1,3.44
375,Neiafu,TO,2022-01-02 08:58:33,-18.65,-173.9833,79.5,79,100,16.37
376,Udachnyy,RU,2022-01-02 08:58:34,66.4167,112.4,-32.76,99,99,3.02
377,Baykit,RU,2022-01-02 08:58:35,61.67,96.37,-11.15,98,100,2.24
378,Rio Gallegos,AR,2022-01-02 08:58:35,-51.6226,-69.2181,39.25,75,0,23.02
379,Valparaiso,CL,2022-01-02 08:58:36,-33.0393,-71.6273,56.84,82,0,3.44
380,Dolores,AR,2022-01-02 08:58:36,-36.3132,-57.6792,65.77,88,16,8.61
381,Port Keats,AU,2022-01-02 08:58:37,-14.25,129.55,86.52,70,72,8.81
382,Olafsvik,IS,2022-01-02 08:57:16,64.8945,-23.7142,26.58,66,85,35.08
383,Kapuskasing,CA,2022-01-02 08:58:38,49.4169,-82.4331,-20.11,75,1,0.0
384,Bulgan,MN,2022-01-02 08:58:39,48.8125,103.5347,3.0,80,6,3.31
385,Alvdal,NO,2022-01-02 08:58:39,62.1077,10.6307,24.64,96,100,4.12
386,Narasaraopet,IN,2022-01-02 08:58:40,16.25,80.0667,83.89,49,49,5.7
387,Corinth,GR,2022-01-02 08:58:41,37.9407,22.9573,63.7,76,4,2.86
388,Saint-Louis,SN,2022-01-02 08:58:41,16.3333,-15.0,73.18,15,96,13.73
389,Lokosovo,RU,2022-01-02 08:58:42,61.1333,74.8167,14.9,94,100,7.0
390,Arlit,NE,2022-01-02 08:58:20,18.7369,7.3853,66.49,24,1,6.24
391,Oudtshoorn,ZA,2022-01-02 08:58:43,-33.5907,22.2014,64.76,45,14,3.6
392,Salta,AR,2022-01-02 08:58:16,-24.7859,-65.4117,71.89,75,0,3.0
393,Wagar,SD,2022-01-02 08:58:44,16.1525,36.2032,75.7,19,15,12.06
394,Ostrovnoy,RU,2022-01-02 08:58:45,68.0531,39.5131,17.96,87,100,22.62
395,Burgeo,CA,2022-01-02 08:58:45,47.6167,-57.6152,39.31,94,100,25.84
396,Cortes,ES,2022-01-02 08:58:46,41.9395,-1.4396,37.45,51,96,1.77
397,Dickinson,US,2022-01-02 08:58:47,29.4608,-95.0513,56.95,84,75,5.01
398,Luza,RU,2022-01-02 08:58:47,60.6308,47.2512,7.56,98,88,5.19
399,Mezhdurechensk,RU,2022-01-02 08:58:48,53.6942,88.0603,16.57,90,100,1.25
400,Ust-Nera,RU,2022-01-02 08:58:49,64.5667,143.2,-25.44,98,100,2.1
401,Kahului,US,2022-01-02 08:54:48,20.8947,-156.47,76.84,90,100,4.0
402,Rovenki,UA,2022-01-02 08:58:50,48.0833,39.3776,29.25,94,100,16.35
403,Isangel,VU,2022-01-02 08:58:51,-19.55,169.2667,78.94,85,99,7.4
404,Skjervoy,NO,2022-01-02 08:58:51,70.0311,20.9714,27.34,69,100,27.85
405,Chase,CA,2022-01-02 08:58:52,50.8165,-119.6857,17.35,98,97,5.03
406,Te Anau,NZ,2022-01-02 08:58:52,-45.4167,167.7167,62.17,86,100,3.06
407,Marawi,PH,2022-01-02 08:58:53,7.9986,124.2928,71.65,92,100,4.23
408,Vila,PT,2022-01-02 08:58:54,42.0304,-8.1588,45.48,95,76,4.36
409,Poya,NC,2022-01-02 08:58:54,-21.35,165.15,79.68,86,100,7.52
410,Hilton Head Island,US,2022-01-02 08:58:55,32.2163,-80.7526,68.11,91,1,12.66
411,Wanxian,CN,2022-01-02 08:58:55,30.8039,108.3897,55.89,54,1,2.33
412,Sri Aman,MY,2022-01-02 08:58:56,1.2376,111.4621,89.65,66,40,0.0
413,Kurilsk,RU,2022-01-02 08:58:57,45.2333,147.8833,27.55,73,100,10.07
414,Bati,ET,2022-01-02 08:58:58,11.1833,40.0167,74.53,46,38,8.79
415,Alofi,NU,2022-01-02 08:59:58,-19.0595,-169.9187,73.29,94,100,6.91
416,Umm Kaddadah,SD,2022-01-02 08:59:59,13.6017,26.6876,71.31,16,64,18.68
417,Fortuna,US,2022-01-02 08:59:59,40.5982,-124.1573,36.93,97,1,3.0
418,San Francisco Del Mar,MX,2022-01-02 09:00:00,16.2333,-94.65,76.98,78,8,4.03
419,Pangnirtung,CA,2022-01-02 09:00:01,66.1451,-65.7125,17.28,69,100,10.25
420,Lazaro Cardenas,MX,2022-01-02 09:00:02,17.9583,-102.2,70.21,88,0,4.61
421,Plaridel,PH,2022-01-02 09:00:07,14.8872,120.8572,82.11,64,54,18.01
422,Binzhou,CN,2022-01-02 09:00:09,37.3667,118.0167,41.27,44,72,6.2
423,Maxixe,MZ,2022-01-02 09:00:11,-23.8597,35.3472,89.58,53,5,11.59
424,High Level,CA,2022-01-02 09:00:11,58.5169,-117.136,-9.29,77,90,14.97
425,Chicama,PE,2022-01-02 09:00:13,-7.8447,-79.1469,69.03,83,99,2.64
426,Moree,AU,2022-01-02 09:00:14,-29.4667,149.85,87.13,28,10,6.85
427,Santa Maria,BR,2022-01-02 09:00:15,-29.6842,-53.8069,69.53,76,77,4.72
428,Dubbo,AU,2022-01-02 08:58:34,-32.25,148.6167,84.33,32,37,5.75
429,Lorengau,PG,2022-01-02 09:00:16,-2.0226,147.2712,81.59,79,100,7.45
430,Bijar,IR,2022-01-02 09:00:17,35.8668,47.6051,38.12,48,50,9.66
431,Kidal,ML,2022-01-02 09:00:19,18.4411,1.4078,67.21,23,9,20.74
432,Ayia Marina,GR,2022-01-02 09:00:19,37.75,23.5333,63.41,70,5,11.03
433,Haapiti,PF,2022-01-02 09:00:20,-17.5667,-149.8667,76.73,78,100,14.47
434,Payson,US,2022-01-02 09:00:20,40.0444,-111.7321,12.29,77,6,5.95
435,Kingaroy,AU,2022-01-02 09:00:21,-26.5333,151.8333,71.11,65,80,8.59
436,Campo Formoso,BR,2022-01-02 09:00:22,-10.5075,-40.3214,67.68,98,94,3.02
437,Strezhevoy,RU,2022-01-02 09:00:22,60.7333,77.5889,12.18,95,100,7.29
438,Mizdah,LY,2022-01-02 09:01:16,31.4451,12.9801,54.39,66,0,4.07
439,Iquique,CL,2022-01-02 09:01:17,-20.2208,-70.1431,67.71,70,24,2.21
440,Nara,JP,2022-01-02 09:01:18,34.6851,135.8049,45.68,46,10,4.38
441,Kuala Terengganu,MY,2022-01-02 09:01:18,5.3302,103.1408,78.71,86,100,12.66
442,Balykshi,KZ,2022-01-02 09:01:19,47.0667,51.8667,28.4,100,90,15.66
443,Sikonge,TZ,2022-01-02 09:01:20,-5.6333,32.7667,81.66,52,84,1.61
444,Sorland,NO,2022-01-02 09:01:20,67.667,12.6934,30.56,94,100,32.35
445,Remedios,CU,2022-01-02 09:01:21,22.4947,-79.5458,68.85,89,0,7.23
446,Gizo,SB,2022-01-02 09:01:22,-8.103,156.8419,83.03,78,99,10.94
447,Mandalgovi,MN,2022-01-02 09:01:23,45.7625,106.2708,10.89,35,24,8.7
448,Gejiu,CN,2022-01-02 09:01:23,23.306,103.1635,48.34,85,93,5.68
449,Wenling,CN,2022-01-02 09:01:24,28.3669,121.36,60.91,57,5,11.18
450,Flin Flon,CA,2022-01-02 09:01:24,54.7682,-101.865,-18.67,94,57,3.53
451,Ambilobe,MG,2022-01-02 09:01:25,-13.2,49.05,88.45,58,100,5.17
452,Cururupu,BR,2022-01-02 09:01:26,-1.8283,-44.8683,75.18,94,99,2.28
453,Gombong,ID,2022-01-02 09:01:27,-7.6072,109.5142,86.83,71,95,5.12
454,Cachoeiras De Macacu,BR,2022-01-02 09:01:27,-22.4625,-42.6531,72.57,98,100,5.35
455,Alta Floresta,BR,2022-01-02 09:01:28,-9.8756,-56.0861,68.49,99,69,3.15
456,Magadan,RU,2022-01-02 09:01:29,59.5667,150.8,-0.81,97,100,11.27
457,Urumqi,CN,2022-01-02 09:01:29,43.801,87.6005,13.15,79,40,2.24
458,Kokopo,PG,2022-01-02 09:01:30,-4.352,152.2633,79.9,84,99,6.93
459,Petropavlovsk-Kamchatskiy,RU,2022-01-02 09:01:31,53.0452,158.6483,17.24,79,100,4.79
460,Yumen,CN,2022-01-02 09:01:31,40.2833,97.2,29.7,28,82,9.1
461,Kodinsk,RU,2022-01-02 09:01:32,58.6881,99.1844,-2.78,99,100,3.09
462,Saint Anthony,US,2022-01-02 09:02:33,45.0205,-93.218,-9.08,75,1,1.01
463,Mazagao,BR,2022-01-02 09:02:33,-0.115,-51.2894,72.14,99,93,3.2
464,Launceston,AU,2022-01-02 09:02:34,-41.45,147.1667,74.84,56,0,3.0
465,Seda,LV,2022-01-02 09:02:34,57.65,25.75,23.32,90,100,7.63
466,Havelock,US,2022-01-02 09:02:35,34.8791,-76.9013,70.05,90,62,15.01
467,Adrar,MR,2022-01-02 09:02:36,20.5022,-10.0711,61.29,25,0,12.66
468,Sao Joao Da Barra,BR,2022-01-02 09:01:52,-21.6403,-41.0511,72.95,89,100,11.63
469,Solsona,ES,2022-01-02 09:02:37,41.994,1.5171,55.35,33,64,4.29
470,Phangnga,TH,2022-01-02 09:02:38,8.4509,98.5298,87.91,66,92,6.22
471,Kamaishi,JP,2022-01-02 09:02:38,39.2667,141.8833,36.82,75,45,14.9
472,La Brea,HN,2022-01-02 09:02:39,15.8,-85.9667,71.53,85,88,3.89
473,Turayf,SA,2022-01-02 09:02:39,31.6725,38.6637,51.89,57,29,6.49
474,Sungai Padi,TH,2022-01-02 09:02:40,6.0851,101.8766,82.09,89,91,5.44
475,Syracuse,IT,2022-01-02 09:02:41,37.0881,15.2792,63.61,61,0,2.17
476,Nelson Bay,AU,2022-01-02 09:02:41,-32.7167,152.15,77.95,77,0,1.99
477,Wanaka,NZ,2022-01-02 09:02:42,-44.7,169.15,66.16,70,100,6.73
478,Gasa,PS,2022-01-02 09:01:34,31.5,34.4667,64.38,64,7,5.66
479,Nome,US,2022-01-02 09:02:43,64.5011,-165.4064,-11.83,79,74,2.8
480,Gawler,AU,2022-01-02 09:02:43,-34.6,138.7333,83.21,51,0,11.61
481,Barkot,IN,2022-01-02 09:02:44,30.8167,78.2,62.8,25,99,4.7
482,Shimoda,JP,2022-01-02 09:02:45,34.6667,138.95,44.1,52,1,25.99
483,Samarai,PG,2022-01-02 09:02:45,-10.6167,150.6667,83.7,78,98,12.77
484,Buala,SB,2022-01-02 09:02:46,-8.145,159.5921,80.83,83,100,5.44
485,Salmo,CA,2022-01-02 09:02:46,49.1999,-117.2689,9.1,79,100,3.33
486,Sur,OM,2022-01-02 09:02:47,22.5667,59.5289,77.09,59,57,13.58
487,Srandakan,ID,2022-01-02 09:02:48,-7.9386,110.2506,71.73,71,90,7.61
488,Oktyabrskoye,RU,2022-01-02 09:02:48,43.0645,44.7417,35.74,87,40,6.71
489,Zhezkazgan,KZ,2022-01-02 09:02:49,47.8043,67.7144,17.58,93,90,11.18
490,Batagay-Alyta,RU,2022-01-02 09:02:49,67.8006,130.4114,-43.04,97,13,3.51
491,Kangavar,IR,2022-01-02 09:02:50,34.5043,47.9653,41.45,70,100,1.1
492,Taoudenni,ML,2022-01-02 09:02:51,22.6783,-3.9836,66.56,34,0,12.01
493,Jatai,BR,2022-01-02 09:02:51,-17.8814,-51.7144,67.5,93,76,8.5
494,Katobu,ID,2022-01-02 09:02:52,-4.9408,122.5276,82.2,82,98,1.72
495,Turbat,PK,2022-01-02 09:02:52,26.0023,63.044,75.54,42,15,9.71
496,Arvika,SE,2022-01-02 09:02:53,59.6553,12.5852,38.01,98,100,8.28
497,Auki,SB,2022-01-02 09:02:54,-8.7676,160.7034,79.5,87,100,9.19
498,Maralal,KE,2022-01-02 09:02:54,1.0968,36.698,71.96,37,59,6.55
499,Dubai,AE,2022-01-02 08:59:05,25.2582,55.3047,76.21,64,0,23.02
500,Peterhead,GB,2022-01-02 09:02:55,57.5058,-1.7981,45.12,83,100,19.24
501,Majene,ID,2022-01-02 09:02:56,-3.5403,118.9707,83.52,76,99,8.48
502,Guerrero Negro,MX,2022-01-02 09:02:56,27.9769,-114.0611,56.39,62,0,4.47
503,Santa Cruz De La Palma,ES,2022-01-02 09:02:57,28.6835,-17.7642,69.13,30,0,4.61
504,Sangmelima,CM,2022-01-02 09:02:58,2.9333,11.9833,82.45,57,93,3.0
505,Kenai,US,2022-01-02 09:02:58,60.5544,-151.2583,8.65,56,40,34.52
506,Madisonville,US,2022-01-02 09:02:59,37.3281,-87.4989,46.08,99,100,1.99
507,Beohari,IN,2022-01-02 09:03:00,24.05,81.3833,71.92,30,83,5.93
508,Hasaki,JP,2022-01-02 09:03:00,35.7333,140.8333,37.8,67,47,9.93
509,Makat,KZ,2022-01-02 09:03:01,47.6469,53.3463,34.79,81,100,12.88
510,Bathsheba,BB,2022-01-02 09:03:01,13.2167,-59.5167,77.32,65,5,16.64
511,Pangody,RU,2022-01-02 09:00:13,65.85,74.4859,0.37,97,99,10.11
512,Leh,IN,2022-01-02 09:04:02,34.1667,77.5833,18.48,76,100,1.59
513,Les Cayes,HT,2022-01-02 09:04:03,18.2,-73.75,73.99,78,57,6.2
514,Laredo,US,2022-01-02 09:02:23,27.5064,-99.5075,75.2,46,1,34.52
515,Necochea,AR,2022-01-02 09:04:04,-38.5473,-58.7368,73.04,37,98,12.86
516,Maceio,BR,2022-01-02 09:04:05,-9.6658,-35.7353,74.64,94,20,4.61
517,Leshukonskoye,RU,2022-01-02 09:04:05,64.8989,45.7622,8.47,97,100,3.8
518,Zaraza,VE,2022-01-02 09:04:06,9.3503,-65.3245,66.15,93,5,2.73
519,Bezhetsk,RU,2022-01-02 09:04:07,57.7851,36.6965,12.18,93,100,12.19
520,Balancan,MX,2022-01-02 09:04:07,17.8,-91.5333,72.25,88,0,13.18
521,Santiago Del Estero,AR,2022-01-02 09:04:08,-27.7951,-64.2615,69.8,86,14,5.08
522,Batticaloa,LK,2022-01-02 09:04:09,7.7102,81.6924,79.56,82,100,11.68
523,Denpasar,ID,2022-01-02 09:04:10,-8.65,115.2167,82.06,78,40,8.05
524,Deep River,CA,2022-01-02 09:04:10,46.1001,-77.4995,9.95,68,100,7.47
525,Coolum Beach,AU,2022-01-02 09:04:11,-26.5333,153.1,76.1,82,6,15.52
526,Ecoporanga,BR,2022-01-02 09:04:11,-18.3733,-40.8306,70.57,96,100,1.79
527,Yavaros,MX,2022-01-02 09:04:12,26.7,-109.5167,60.58,71,0,11.83
528,Jackson,US,2022-01-02 09:04:13,42.4165,-122.8345,32.04,93,1,0.0
529,Benghazi,LY,2022-01-02 09:04:14,32.1167,20.0667,63.75,65,59,13.49
530,Orkney,ZA,2022-01-02 09:04:14,-26.9802,26.6727,87.37,27,0,12.12
531,Port Lavaca,US,2022-01-02 09:03:32,28.615,-96.6261,44.65,74,90,24.16
532,Chihuahua,MX,2022-01-02 08:59:35,28.5,-106.0,42.94,53,0,3.8
533,Haringhata,IN,2022-01-02 09:04:16,22.95,88.5667,71.51,34,0,8.79
534,Sandwick,GB,2022-01-02 09:04:16,60.0,-1.25,48.02,81,75,26.46
535,Saint-Francois,FR,2022-01-02 09:04:17,46.4154,3.9054,33.24,100,0,2.3
536,Sergeyevka,KZ,2022-01-02 09:04:18,53.88,67.4158,18.64,87,100,11.27
537,Xuddur,SO,2022-01-02 09:04:18,4.1213,43.8894,88.84,28,0,13.73
538,Yerbogachen,RU,2022-01-02 09:04:19,61.2767,108.0108,-31.54,99,24,4.56
539,Port Hardy,CA,2022-01-02 09:00:43,50.6996,-127.4199,43.75,93,75,3.44
540,Westerland,DE,2022-01-02 09:04:20,54.9079,8.3033,49.17,100,90,13.8
541,Blagoyevo,RU,2022-01-02 09:04:21,63.3667,47.9167,10.04,97,98,2.89
542,Luanda,AO,2022-01-02 09:03:37,-8.8368,13.2343,76.77,80,100,3.56
543,Kommunisticheskiy,RU,2022-01-02 09:04:23,61.6789,64.4819,11.98,95,100,2.8
544,Warrnambool,AU,2022-01-02 09:04:23,-38.3833,142.4833,64.81,71,28,14.94
545,Great Falls,US,2022-01-02 09:04:24,47.5002,-111.3008,30.42,54,1,17.0
546,Mikuni,JP,2022-01-02 09:04:25,36.2171,136.1519,46.53,67,98,15.68
547,Bandundu,CD,2022-01-02 09:04:26,-3.3167,17.3667,85.77,63,100,0.89
548,Qaqortoq,GL,2022-01-02 09:04:26,60.7167,-46.0333,21.7,79,100,6.29
549,Gat,IL,2022-01-02 09:04:27,31.61,34.7642,63.28,100,8,3.29
550,Mankera,PK,2022-01-02 09:04:28,31.3866,71.4407,70.29,20,35,7.0
551,Teshie,GH,2022-01-02 09:04:29,5.5836,-0.1072,83.8,68,65,4.07
552,Bandarbeyla,SO,2022-01-02 09:04:29,9.4942,50.8122,80.08,59,14,11.41
553,Novouzensk,RU,2022-01-02 09:04:30,50.4592,48.1431,25.9,91,64,13.58
554,Rawson,AR,2022-01-02 09:04:31,-43.3002,-65.1023,65.97,48,100,18.66
555,Hamilton,US,2022-01-02 09:04:31,39.1834,-84.5333,43.65,96,90,1.01
556,Donskoye,RU,2022-01-02 09:05:32,45.4552,41.9741,38.03,93,100,11.14
557,Uslar,DE,2022-01-02 09:05:32,51.6569,9.635,53.4,86,100,7.65
558,Boguchany,RU,2022-01-02 09:05:33,58.3814,97.4531,5.34,97,100,3.2
559,Duku,NG,2022-01-02 09:05:34,11.2361,4.9073,77.63,19,99,12.15
560,Rosamorada,MX,2022-01-02 09:05:34,22.1222,-105.2058,63.36,83,0,3.44
561,Wlingi,ID,2022-01-02 09:05:35,-8.0776,112.3311,79.05,81,96,6.46
562,Seoni,IN,2022-01-02 09:05:35,22.0833,79.5333,74.44,41,73,5.1
563,Trairi,BR,2022-01-02 09:00:58,-3.2778,-39.2689,77.58,86,98,7.65
564,Sakaiminato,JP,2022-01-02 09:05:36,35.55,133.2333,48.4,60,76,17.13
565,Le Havre,FR,2022-01-02 09:00:59,49.4938,0.1077,56.1,87,90,11.5
566,Torrevieja,ES,2022-01-02 09:05:37,37.9787,-0.6822,62.38,58,77,6.24
567,Viedma,AR,2022-01-02 09:05:38,-40.8135,-62.9967,72.23,38,99,22.48
568,Lasa,IT,2022-01-02 09:05:39,46.6166,10.7002,28.31,49,77,3.29
